Nome,Idade,Estado,Salario
Ana Silva,24,São Paulo,3800.00
Bruno Santos,31,Minas Gerais,5400.00
Carla Oliveira,28,Rio de Janeiro,4700.00
Diego Souza,35,Paraná,6100.00
Eduarda Lima,22,Bahia,3600.00
Felipe Costa,40,Pernambuco,8200.00
Gabriela Alves,27,Ceará,4300.00
Henrique Pereira,33,Goiás,6700.00
Isabela Rocha,29,Santa Catarina,4900.00
João Martins,45,Rio Grande do Sul,9200.00
Karen Rodrigues,26,Espírito Santo,4100.00
Lucas Fernandes,30,Pará,5200.00
Mariana Gomes,34,Amazonas,5800.00
Nicolas Ribeiro,21,Mato Grosso,3300.00
Olivia Carvalho,38,Mato Grosso do Sul,7100.00
Pedro Mendes,25,Paraíba,3900.00
Rafaela Barbosa,32,Rio Grande do Norte,6000.00
Samuel Teixeira,42,Alagoas,7600.00
Tatiane Moreira,23,Sergipe,3500.00
Vinicius Cardoso,36,Maranhão,6900.00
Amanda Nunes,27,Piauí,4200.00
Beatriz Freitas,41,Tocantins,7800.00
Caio Monteiro,19,Rondônia,2800.00
Daniela Correia,37,Acre,6200.00
Eduardo Castro,44,Amapá,8500.00
Fernanda Vieira,26,Roraima,4000.00
Gustavo Ramos,39,São Paulo,7300.00
Helena Moraes,28,Minas Gerais,4600.00
Igor Batista,31,Rio de Janeiro,5100.00
Juliana Pinto,24,Paraná,3900.00
Leonardo Neves,43,Bahia,8800.00
Manuela Reis,20,Pernambuco,3200.00
Nathan Farias,29,Ceará,4500.00
Patricia Duarte,35,Goiás,6500.00
Ricardo Melo,47,Santa Catarina,9500.00
Sabrina Araújo,33,Rio Grande do Sul,5700.00
Thiago Lopes,22,Espírito Santo,3400.00
Vanessa Tavares,30,Pará,4800.00
Wagner Moura,48,Amazonas,9700.00
Yasmin Correia,25,Mato Grosso,4100.00
Alexandre Martins,36,Mato Grosso do Sul,7000.00
Bianca Andrade,23,Paraíba,3700.00
César Fonseca,40,Rio Grande do Norte,8100.00
Débora Macedo,32,Alagoas,5300.00
Enzo Sales,18,Sergipe,2600.00
Flávia Borges,46,Maranhão,8900.00
Gabriel Siqueira,27,Piauí,4400.00
Heloísa Martins,34,Tocantins,6400.00
Joana Pires,29,Rondônia,3500.00
Marcos Viana,51,Acre,10300.00